[{"state-province": "Dehradun", "alpha_two_code": "IN", "domains": ["upes.ac.in"], "name": "University of Petroleum and Energy Studies", "country": "India", "web_pages": ["https://www.upes.ac.in/"]}, {"state-province": "Punjab", "alpha_two_code": "IN", "domains": ["davietjal.org"], "name": "DAV Institute of Engineering & Technology", "country": "India", "web_pages": ["http://www.davietjal.org/"]}, {"state-province": "Punjab", "alpha_two_code": "IN", "domains": ["lpu.in"], "name": "Lovely Professional University", "country": "India", "web_pages": ["http://www.lpu.in/"]}, {"state-province": null, "alpha_two_code": "IN", "domains": ["somaiya.edu"], "name": "Somaiya Vidyavihar", "country": "India", "web_pages": ["https://somaiya.edu/"]}, {"state-province": "Haryana", "alpha_two_code": "IN", "domains": ["ncuindia.edu"], "name": "NorthCap University", "country": "India", "web_pages": ["http://www.ncuindia.edu/"]}, {"state-province": "Gujarat", "alpha_two_code": "IN", "domains": ["ddu.ac.in"], "name": "Dharamsinh Desai University", "country": "India", "web_pages": ["http://www.ddu.ac.in/"]}, {"state-province": "Andhra Pradesh", "alpha_two_code": "IN", "domains": ["ntruhs.ap.nic.in"], "name": "University of Health Sciences Andhra Pradesh", "country": "India", "web_pages": ["http://ntruhs.ap.nic.in/"]}, {"state-province": null, "alpha_two_code": "IN", "domains": ["aaidu.org"], "name": "Allahabad Agricultural Institute, Deemed University", "country": "India", "web_pages": ["http://www.aaidu.org/"]}, {"state-province": "Assam", "alpha_two_code": "IN", "domains": ["aau.ac.in"], "name": "Assam Agricultural University", "country": "India", "web_pages": ["http://www.aau.ac.in/"]}, {"state-province": "Gujarat", "alpha_two_code": "IN", "domains": ["ahduni.edu.in"], "name": "Ahmedabad University", "country": "India", "web_pages": ["http://www.ahduni.edu.in/"]}, {"state-province": null, "alpha_two_code": "IN", "domains": ["aiims.ac.in"], "name": "All India Institute of Medical Sciences", "country": "India", "web_pages": ["http://www.aiims.ac.in/"]}, {"state-province": null, "alpha_two_code": "IN", "domains": ["aisectuniversity.ac.in"], "name": "AISECT University", "country": "India", "web_pages": ["http://www.aisectuniversity.ac.in/"]}, {"state-province": "Tamil Nadu", "alpha_two_code": "IN", "domains": ["alagappauniversity.ac.in"], "name": "Alagappa University", "country": "India", "web_pages": ["http://www.alagappauniversity.ac.in/"]}, {"state-province": "Uttar Pradesh", "alpha_two_code": "IN", "domains": ["alldunivpio.org"], "name": "Allahabad University", "country": "India", "web_pages": ["http://www.alldunivpio.org/"]}, {"state-province": null, "alpha_two_code": "IN", "domains": ["altmeduniversity.com"], "name": "Open International University for Alternative Medicines", "country": "India", "web_pages": ["http://www.altmeduniversity.com/"]}, {"state-province": "West Bengal", "alpha_two_code": "IN", "domains": ["altmedworld.net"], "name": "Indian Board of Alternative Medicine", "country": "India", "web_pages": ["http://www.altmedworld.net/"]}, {"state-province": "Uttar Pradesh", "alpha_two_code": "IN", "domains": ["amity.edu"], "name": "Amity University", "country": "India", "web_pages": ["http://www.amity.edu/"]}, {"state-province": "Tamil Nadu", "alpha_two_code": "IN", "domains": ["amrita.edu"], "name": "Amrita Vishwa Vidyapeetham", "country": "India", "web_pages": ["http://www.amrita.edu/"]}, {"state-province": null, "alpha_two_code": "IN", "domains": ["amtuni.com"], "name": "Amravati University", "country": "India", "web_pages": ["http://www.amtuni.com/"]}, {"state-province": "Delhi", "alpha_two_code": "IN", "domains": ["amu.ac.in"], "name": "Aligarh Muslim University", "country": "India", "web_pages": ["http://www.amu.ac.in/"]}, {"state-province": "Andhra Pradesh", "alpha_two_code": "IN", "domains": ["andhrauniversity.info"], "name": "Andhra University", "country": "India", "web_pages": ["http://www.andhrauniversity.info/"]}, {"state-province": null, "alpha_two_code": "IN", "domains": ["angrau.net"], "name": "Acharya Ranga Agricultural University", "country": "India", "web_pages": ["http://www.angrau.net/"]}, {"state-province": "Tamil Nadu", "alpha_two_code": "IN", "domains": ["annamalaiuniversity.ac.in"], "name": "Annamalai University", "country": "India", "web_pages": ["http://www.annamalaiuniversity.ac.in/"]}, {"state-province": "Tamil Nadu", "alpha_two_code": "IN", "domains": ["annauniv.edu.in"], "name": "Anna University of Technology, Tirunelveli", "country": "India", "web_pages": ["http://www.annauniv.edu.in/"]}, {"state-province": "Tamil Nadu", "alpha_two_code": "IN", "domains": ["annauniv.edu"], "name": "Anna University", "country": "India", "web_pages": ["http://www.annauniv.edu/"]}, {"state-province": "Madhya Pradesh", "alpha_two_code": "IN", "domains": ["apsurewa.nic.in"], "name": "Awadhesh Pratap Singh University", "country": "India", "web_pages": ["http://www.apsurewa.nic.in/"]}, {"state-province": "Rajasthan", "alpha_two_code": "IN", "domains": ["aryainstitutejpr.com"], "name": "ARYA Institute of Engineering & Technology", "country": "India", "web_pages": ["http://www.aryainstitutejpr.com/"]}, {"state-province": "Assam", "alpha_two_code": "IN", "domains": ["assamuniversity.nic.in"], "name": "Assam University", "country": "India", "web_pages": ["http://www.assamuniversity.nic.in/"]}, {"state-province": "Gujarat", "alpha_two_code": "IN", "domains": ["ayurveduniversity.com"], "name": "Gujarat Ayurved University", "country": "India", "web_pages": ["http://www.ayurveduniversity.com/"]}, {"state-province": null, "alpha_two_code": "IN", "domains": ["bamu.net"], "name": "Dr. Babasaheb Ambedkar Marathwada Universtiy", "country": "India", "web_pages": ["http://www.bamu.net/"]}, {"state-province": null, "alpha_two_code": "IN", "domains": ["bamu.nic.in"], "name": "Berhampur University", "country": "India", "web_pages": ["http://www.bamu.nic.in/"]}, {"state-province": null, "alpha_two_code": "IN", "domains": ["banasthali.org"], "name": "Banasthali University", "country": "India", "web_pages": ["http://www.banasthali.org/"]}, {"state-province": null, "alpha_two_code": "IN", "domains": ["bankurauniv.com"], "name": "Bankura University", "country": "India", "web_pages": ["http://www.bankurauniv.com/"]}, {"state-province": null, "alpha_two_code": "IN", "domains": ["bau.nic.in"], "name": "Birsa Agricultural University", "country": "India", "web_pages": ["http://www.bau.nic.in/"]}, {"state-province": null, "alpha_two_code": "IN", "domains": ["bbauindia.org"], "name": "Babasaheb Bhimrao Ambedkar University", "country": "India", "web_pages": ["http://www.bbauindia.org/"]}, {"state-province": null, "alpha_two_code": "IN", "domains": ["bckv.edu.in"], "name": "Bidhan Chandra Agricultural University", "country": "India", "web_pages": ["http://www.bckv.edu.in/"]}, {"state-province": null, "alpha_two_code": "IN", "domains": ["bdu.ernet.in"], "name": "Bharathidasan University", "country": "India", "web_pages": ["http://www.bdu.ernet.in/"]}, {"state-province": "West Bengal", "alpha_two_code": "IN", "domains": ["becs.ac.in"], "name": "Bengal Engineering College", "country": "India", "web_pages": ["http://www.becs.ac.in/"]}, {"state-province": "Karnataka", "alpha_two_code": "IN", "domains": ["bengaluruuniversity.com"], "name": "Bangalore University", "country": "India", "web_pages": ["http://bengaluruuniversity.com/"]}, {"state-province": null, "alpha_two_code": "IN", "domains": ["bhagwantuniversity.com"], "name": "Bhagwant University", "country": "India", "web_pages": ["http://www.bhagwantuniversity.com/"]}, {"state-province": "Tamil Nadu", "alpha_two_code": "IN", "domains": ["bharathi.ernet.in"], "name": "Bharathiar University", "country": "India", "web_pages": ["http://www.bharathi.ernet.in/"]}, {"state-province": "Tamil Nadu", "alpha_two_code": "IN", "domains": ["bharathuniv.com"], "name": "Bharath Institue Of Higher Education & Research", "country": "India", "web_pages": ["http://www.bharathuniv.com/"]}, {"state-province": null, "alpha_two_code": "IN", "domains": ["bharatividyapeeth.edu"], "name": "Bharati Vidyapeeth University", "country": "India", "web_pages": ["http://www.bharatividyapeeth.edu/"]}, {"state-province": null, "alpha_two_code": "IN", "domains": ["bhavuni.edu"], "name": "Bhavnagar University", "country": "India", "web_pages": ["http://www.bhavuni.edu/"]}, {"state-province": "Uttar Pradesh", "alpha_two_code": "IN", "domains": ["bhu.ac.in"], "name": "Banaras Hindu University", "country": "India", "web_pages": ["http://www.bhu.ac.in/"]}, {"state-province": "Odisha", "alpha_two_code": "IN", "domains": ["bhub.ori.nic.in"], "name": "Orissa University of Agriculture and Technology", "country": "India", "web_pages": ["http://bhub.ori.nic.in/ouat/"]}, {"state-province": "Jharkhand", "alpha_two_code": "IN", "domains": ["bitmesraranchi.org"], "name": "Birla Institute of Technology, Ranchi", "country": "India", "web_pages": ["http://bitmesraranchi.org/"]}, {"state-province": "Rajasthan", "alpha_two_code": "IN", "domains": ["bits-pilani.ac.in"], "name": "Birla Institute of Technology and Science", "country": "India", "web_pages": ["http://www.bits-pilani.ac.in/"]}, {"state-province": null, "alpha_two_code": "IN", "domains": ["bnmu.in"], "name": "Bhupendra Narayan Mandal University", "country": "India", "web_pages": ["http://www.bnmu.in/"]}, {"state-province": null, "alpha_two_code": "IN", "domains": ["bput.org"], "name": "Biju Pattnaik University of Technology", "country": "India", "web_pages": ["http://www.bput.org/"]}, {"state-province": "Bihar", "alpha_two_code": "IN", "domains": ["brabu.net"], "name": "B. R. Ambedkar Bihar University", "country": "India", "web_pages": ["http://www.brabu.net/"]}, {"state-province": null, "alpha_two_code": "IN", "domains": ["braou.ac.in"], "name": "Dr. B.R. Ambedkar Open University", "country": "India", "web_pages": ["http://www.braou.ac.in/"]}, {"state-province": null, "alpha_two_code": "IN", "domains": ["nitj.ac.in"], "name": "Dr. B. R. Ambedkar National Institute of Technology Jalandhar", "country": "India", "web_pages": ["http://www.nitj.ac.in/"]}, {"state-province": null, "alpha_two_code": "IN", "domains": ["brauagra.com"], "name": "Dr. Bhim Rao Abdekar University", "country": "India", "web_pages": ["http://www.brauagra.com/"]}, {"state-province": null, "alpha_two_code": "IN", "domains": ["bsauniv.ac.in"], "name": "B. S. Abdur Rahman University", "country": "India", "web_pages": ["http://www.bsauniv.ac.in/"]}, {"state-province": null, "alpha_two_code": "IN", "domains": ["bubhopal.nic.in"], "name": "Barkatullah University", "country": "India", "web_pages": ["http://www.bubhopal.nic.in/"]}, {"state-province": "Madhya Pradesh", "alpha_two_code": "IN", "domains": ["vitbhopal.ac.in"], "name": "VIT Bhopal", "country": "India", "web_pages": ["https://vitbhopal.ac.in/"]}, {"state-province": null, "alpha_two_code": "IN", "domains": ["bundelkhanduniversity.org"], "name": "Bundelkhand University", "country": "India", "web_pages": ["http://www.bundelkhanduniversity.org/"]}, {"state-province": null, "alpha_two_code": "IN", "domains": ["burdwanuniversity.ac.in"], "name": "University of Burdwan", "country": "India", "web_pages": ["http://www.burdwanuniversity.ac.in/"]}, {"state-province": "West Bengal", "alpha_two_code": "IN", "domains": ["caluniv.ac.in"], "name": "University of Calcutta", "country": "India", "web_pages": ["http://www.caluniv.ac.in/"]}, {"state-province": null, "alpha_two_code": "IN", "domains": ["cau.org.in"], "name": "Central Agricultural University", "country": "India", "web_pages": ["http://www.cau.org.in/"]}, {"state-province": null, "alpha_two_code": "IN", "domains": ["ccsuniversity.ac.in"], "name": "Chaudhary Charan Singh University", "country": "India", "web_pages": ["http://www.ccsuniversity.ac.in/"]}, {"state-province": null, "alpha_two_code": "IN", "domains": ["ccsuniversity.org"], "name": "Ch. Charan Singh University", "country": "India", "web_pages": ["http://www.ccsuniversity.org/"]}, {"state-province": null, "alpha_two_code": "IN", "domains": ["cesbm.ac.in"], "name": "Center for Entrepreneurship and Small Business Management", "country": "India", "web_pages": ["http://www.cesbm.ac.in/"]}, {"state-province": "Karnataka", "alpha_two_code": "IN", "domains": ["christuniversity.in"], "name": "Christ University", "country": "India", "web_pages": ["http://www.christuniversity.in/"]}, {"state-province": null, "alpha_two_code": "IN", "domains": ["ciefl.org"], "name": "Central Institute of English and Foreign Languages", "country": "India", "web_pages": ["http://www.ciefl.org/"]}, {"state-province": null, "alpha_two_code": "IN", "domains": ["cife.edu.in"], "name": "Central Institute of Fisheries Education", "country": "India", "web_pages": ["http://www.cife.edu.in/"]}, {"state-province": null, "alpha_two_code": "IN", "domains": ["cihts.ac.in"], "name": "Central Institute of Higher Tibetan Studies", "country": "India", "web_pages": ["http://www.cihts.ac.in/"]}, {"state-province": null, "alpha_two_code": "IN", "domains": ["cmjuniversity.edu.in"], "name": "CMJ University", "country": "India", "web_pages": ["http://www.cmjuniversity.edu.in/"]}, {"state-province": null, "alpha_two_code": "IN", "domains": ["csauk.ac.in"], "name": "Chandra Shekhar Azad University of Agriculture and Technology", "country": "India", "web_pages": ["http://www.csauk.ac.in/"]}, {"state-province": "Kerala", "alpha_two_code": "IN", "domains": ["cusat.ac.in"], "name": "Cochin University of Science and Technology", "country": "India", "web_pages": ["http://www.cusat.ac.in/"]}, {"state-province": null, "alpha_two_code": "IN", "domains": ["cvru.ac.in"], "name": "Dr. C.V. Raman University", "country": "India", "web_pages": ["http://www.cvru.ac.in/"]}, {"state-province": null, "alpha_two_code": "IN", "domains": ["da-iict.org"], "name": "Dhirubhai Ambani Institute of Information and Communication Technology", "country": "India", "web_pages": ["http://www.da-iict.org/"]}, {"state-province": null, "alpha_two_code": "IN", "domains": ["darulhuda.com"], "name": "Darul Huda Islamic University", "country": "India", "web_pages": ["http://www.darulhuda.com/"]}, {"state-province": null, "alpha_two_code": "IN", "domains": ["davuniversity.org"], "name": "Dav University", "country": "India", "web_pages": ["http://www.davuniversity.org/"]}, {"state-province": null, "alpha_two_code": "IN", "domains": ["davv.ac.in"], "name": "Devi Ahilya University of Indore", "country": "India", "web_pages": ["http://www.davv.ac.in/"]}, {"state-province": null, "alpha_two_code": "IN", "domains": ["dbatechuni.org"], "name": "Dr. Babasaheb Ambedkar Technological University", "country": "India", "web_pages": ["http://www.dbatechuni.org/"]}, {"state-province": null, "alpha_two_code": "IN", "domains": ["dbskkv.org"], "name": "Konkan Agricultural University", "country": "India", "web_pages": ["http://www.dbskkv.org/"]}, {"state-province": "Tamil Nadu", "alpha_two_code": "IN", "domains": ["dbs.tn.nic.in"], "name": "Tamil Nadu Agricultural University", "country": "India", "web_pages": ["http://dbs.tn.nic.in/tnau/"]}, {"state-province": "Delhi", "alpha_two_code": "IN", "domains": ["dceonline.net"], "name": "Delhi College of Engineering (DCE)", "country": "India", "web_pages": ["http://www.dceonline.net/"]}, {"state-province": null, "alpha_two_code": "IN", "domains": ["ddugu.edu.in"], "name": "Deen Dayal Upadhyay Gorakhpur University", "country": "India", "web_pages": ["http://www.ddugu.edu.in/"]}, {"state-province": null, "alpha_two_code": "IN", "domains": ["deccancollegepune.ac.in"], "name": "Deccan College Postgraduate and Research Institute", "country": "India", "web_pages": ["http://www.deccancollegepune.ac.in/"]}, {"state-province": null, "alpha_two_code": "IN", "domains": ["dei.ac.in"], "name": "Dayalbagh Educational Institute", "country": "India", "web_pages": ["http://www.dei.ac.in/"]}, {"state-province": null, "alpha_two_code": "IN", "domains": ["dibru.ernet.in"], "name": "Dibrugarh University", "country": "India", "web_pages": ["http://www.dibru.ernet.in/"]}, {"state-province": "Andhra Pradesh", "alpha_two_code": "IN", "domains": ["dravidianuniversity.ac.in"], "name": "Dravidian University", "country": "India", "web_pages": ["http://www.dravidianuniversity.ac.in/"]}, {"state-province": "Delhi", "alpha_two_code": "IN", "domains": ["du.ac.in"], "name": "University of Delhi", "country": "India", "web_pages": ["http://www.du.ac.in/"]}, {"state-province": "Maharashtra", "alpha_two_code": "IN", "domains": ["dypatiluniversity.org"], "name": "Dr. D.Y. Patil University", "country": "India", "web_pages": ["http://www.dypatiluniversity.org/"]}, {"state-province": null, "alpha_two_code": "IN", "domains": ["eiilmuniversity.ac.in"], "name": "Eiilm University", "country": "India", "web_pages": ["http://www.eiilmuniversity.ac.in/"]}, {"state-province": "Kerala", "alpha_two_code": "IN", "domains": ["fatimacollege.net"], "name": "Fatima Mata National College", "country": "India", "web_pages": ["http://www.fatimacollege.net/"]}, {"state-province": "Uttarakhand", "alpha_two_code": "IN", "domains": ["fri.icfre.gov.in"], "name": "Forest Research Institute Dehradun", "country": "India", "web_pages": ["http://fri.icfre.gov.in/"]}, {"state-province": null, "alpha_two_code": "IN", "domains": ["gbpuat.ac.in"], "name": "Govind Ballabh Pant University of Agriculture and Technology", "country": "India", "web_pages": ["http://www.gbpuat.ac.in/"]}, {"state-province": null, "alpha_two_code": "IN", "domains": ["ggu.ac.in"], "name": "Guru Ghasidas University", "country": "India", "web_pages": ["http://www.ggu.ac.in/"]}, {"state-province": null, "alpha_two_code": "IN", "domains": ["gipe.ernet.in"], "name": "Gokhale Institute of Politics and Economics", "country": "India", "web_pages": ["http://www.gipe.ernet.in/"]}, {"state-province": null, "alpha_two_code": "IN", "domains": ["gitam.edu"], "name": "Gandhi Institute of Technology and Managment", "country": "India", "web_pages": ["http://www.gitam.edu/"]}, {"state-province": null, "alpha_two_code": "IN", "domains": ["gju.ernet.in"], "name": "Guru Jambeshwar University", "country": "India", "web_pages": ["http://www.gju.ernet.in/"]}, {"state-province": null, "alpha_two_code": "IN", "domains": ["gkvharidwar.org"], "name": "Gurukula Kangri University", "country": "India", "web_pages": ["http://www.gkvharidwar.org/"]}, {"state-province": null, "alpha_two_code": "IN", "domains": ["gnduonline.org"], "name": "Guru Nanak Dev University", "country": "India", "web_pages": ["http://www.gnduonline.org/"]}, {"state-province": "Nagaland", "alpha_two_code": "IN", "domains": ["government.ind.in"], "name": "Global Open University , Nagaland", "country": "India", "web_pages": ["http://www.government.ind.in/"]}, {"state-province": "Gujarat", "alpha_two_code": "IN", "domains": ["gtu.ac.in"], "name": "Gujarat Technological University Ahmedabad", "country": "India", "web_pages": ["http://www.gtu.ac.in/"]}, {"state-province": "Gujarat", "alpha_two_code": "IN", "domains": ["gujaratuniversity.org.in"], "name": "Gujarat University Ahmedabad", "country": "India", "web_pages": ["http://www.gujaratuniversity.org.in/"]}, {"state-province": null, "alpha_two_code": "IN", "domains": ["gulbargauniversity.kar.nic.in"], "name": "Gulbarga University", "country": "India", "web_pages": ["http://www.gulbargauniversity.kar.nic.in/"]}, {"state-province": null, "alpha_two_code": "IN", "domains": ["gu.nic.in"], "name": "Gauhati University", "country": "India", "web_pages": ["http://www.gu.nic.in/"]}, {"state-province": null, "alpha_two_code": "IN", "domains": ["gurukuluniversity.org"], "name": "Gurukul University", "country": "India", "web_pages": ["http://www.gurukuluniversity.org/"]}, {"state-province": "Haryana", "alpha_two_code": "IN", "domains": ["hau.ernet.in"], "name": "CCS Haryana Agricultural University", "country": "India", "web_pages": ["http://hau.ernet.in/"]}, {"state-province": "Himachal Pradesh", "alpha_two_code": "IN", "domains": ["hillagric.ernet.in"], "name": "Himachal Pradesh Agricultural University", "country": "India", "web_pages": ["http://hillagric.ernet.in/"]}, {"state-province": null, "alpha_two_code": "IN", "domains": ["hnbgu.ac.in"], "name": "Hemwati Nandan Bahuguna Garhwal University", "country": "India", "web_pages": ["http://www.hnbgu.ac.in/"]}, {"state-province": "Chhattisgarh", "alpha_two_code": "IN", "domains": ["hnluraipur.com"], "name": "Hidayatullah National Law University, Raipur", "country": "India", "web_pages": ["http://www.hnluraipur.com/"]}, {"state-province": null, "alpha_two_code": "IN", "domains": ["sriramachandra.edu.in"], "name": "Sri Ramachardra Medical College and Research Institute", "country": "India", "web_pages": ["https://www.sriramachandra.edu.in/"]}, {"state-province": "Himachal Pradesh", "alpha_two_code": "IN", "domains": ["hpuniv.nic.in"], "name": "Himachal Pradesh University", "country": "India", "web_pages": ["http://hpuniv.nic.in/"]}, {"state-province": null, "alpha_two_code": "IN", "domains": ["iari.ernet.in"], "name": "Indian Agricultural Research Institute", "country": "India", "web_pages": ["http://www.iari.ernet.in/"]}, {"state-province": null, "alpha_two_code": "IN", "domains": ["iaseduniv.org"], "name": "IASE (Institute of Advanced Studies) Deemed University", "country": "India", "web_pages": ["http://www.iaseduniv.org/"]}, {"state-province": null, "alpha_two_code": "IN", "domains": ["icfai.org"], "name": "ICFAI University", "country": "India", "web_pages": ["http://www.icfai.org/"]}, {"state-province": "Dehradun", "alpha_two_code": "IN", "domains": ["iudehradun.edu.in"], "name": "ICFAI University, Dehradun", "country": "India", "web_pages": ["https://www.iudehradun.edu.in/"]}, {"state-province": "Tripura", "alpha_two_code": "IN", "domains": ["iutripura.edu.in"], "name": "ICFAI University", "country": "India", "web_pages": ["https://www.iutripura.edu.in/"]}, {"state-province": "Sikkim", "alpha_two_code": "IN", "domains": ["iusikkim.edu.in"], "name": "ICFAI University, Sikkim", "country": "India", "web_pages": ["https://www.iusikkim.edu.in/"]}, {"state-province": "Mizoram", "alpha_two_code": "IN", "domains": ["iumizoram.edu.in"], "name": "ICFAI University, Mizoram", "country": "India", "web_pages": ["https://www.iumizoram.edu.in/"]}, {"state-province": "Meghalaya", "alpha_two_code": "IN", "domains": ["iumeghalaya.edu.in"], "name": "ICFAI University, Meghalaya", "country": "India", "web_pages": ["https://www.iumeghalaya.edu.in/"]}, {"state-province": "Jharkhand", "alpha_two_code": "IN", "domains": ["iujharkhand.edu.in"], "name": "ICFAI University, Jharkhand", "country": "India", "web_pages": ["https://www.iujharkhand.edu.in/"]}, {"state-province": "Nagaland", "alpha_two_code": "IN", "domains": ["iunagaland.edu.in"], "name": "ICFAI University, Nagaland", "country": "India", "web_pages": ["https://www.iunagaland.edu.in/"]}, {"state-province": "Rajasthan", "alpha_two_code": "IN", "domains": ["iujaipur.edu.in"], "name": "ICFAI University, Jaipur", "country": "India", "web_pages": ["https://www.iujaipur.edu.in/"]}, {"state-province": "Chhattisgarh", "alpha_two_code": "IN", "domains": ["iuraipur.edu.in"], "name": "ICFAI University, Raipur", "country": "India", "web_pages": ["https://www.iuraipur.edu.in/"]}, {"state-province": "Himachal Pradesh", "alpha_two_code": "IN", "domains": ["iuhimachal.edu.in"], "name": "ICFAI University, Himachal Pradesh", "country": "India", "web_pages": ["https://www.iuhimachal.edu.in/"]}, {"state-province": "Telangana", "alpha_two_code": "IN", "domains": ["ifheindia.org"], "name": "ICFAI University, Hyderabad", "country": "India", "web_pages": ["https://www.ifheindia.org/"]}, {"state-province": null, "alpha_two_code": "IN", "domains": ["igau.edu.in"], "name": "Indira Gandhi Agricultural University", "country": "India", "web_pages": ["http://www.igau.edu.in/"]}, {"state-province": null, "alpha_two_code": "IN", "domains": ["igidr.ac.in"], "name": "Indira Gandhi Institute of Development and Research", "country": "India", "web_pages": ["http://www.igidr.ac.in/"]}, {"state-province": null, "alpha_two_code": "IN", "domains": ["igims.org"], "name": "Indira Gandhi Institute of Medical Sciences", "country": "India", "web_pages": ["http://www.igims.org/"]}, {"state-province": null, "alpha_two_code": "IN", "domains": ["ignou.ac.in"], "name": "Indira Gandhi National Open University", "country": "India", "web_pages": ["http://www.ignou.ac.in/"]}, {"state-province": "Uttar Pradesh", "alpha_two_code": "IN", "domains": ["iiita.com"], "name": "Indian Institute of Information Technology Allahabad", "country": "India", "web_pages": ["http://www.iiita.com/"]}, {"state-province": "Kerala", "alpha_two_code": "IN", "domains": ["iiitmk.ac.in"], "name": "Indian Institute of Information Technology and Management - Kerala", "country": "India", "web_pages": ["http://www.iiitmk.ac.in/"]}, {"state-province": "Delhi", "alpha_two_code": "IN", "domains": ["iiitd.ac.in"], "name": "Indraprastha Institute of Information Technology, Delhi", "country": "India", "web_pages": ["http://www.iiitd.ac.in/"]}, {"state-province": "Maharashtra", "alpha_two_code": "IN", "domains": ["squareit.edu.in"], "name": "International Institute of Information Technology, Pune", "country": "India", "web_pages": ["https://www.isquareit.edu.in/"]}, {"state-province": "Odisha", "alpha_two_code": "IN", "domains": ["iiit-bh.ac.in"], "name": "International Institute of Information Technology, Bhubaneswar", "country": "India", "web_pages": ["https://www.iiit-bh.ac.in/"]}, {"state-province": "Karnataka", "alpha_two_code": "IN", "domains": ["iiitb.ac.in"], "name": "International Institute of Information Technology, Bangalore", "country": "India", "web_pages": ["https://www.iiitb.ac.in/"]}, {"state-province": "Tamil Nadu", "alpha_two_code": "IN", "domains": ["iimtrichy.ac.in"], "name": "Indian Institute of Management, Tiruchirappalli", "country": "India", "web_pages": ["http://www.iimtrichy.ac.in/"]}, {"state-province": "Assam", "alpha_two_code": "IN", "domains": ["iiitg.ac.in"], "name": "Indian Institute of Information Technology, Guwahati", "country": "India", "web_pages": ["http://www.iimtrichy.ac.in/"]}, {"state-province": "Gujarat", "alpha_two_code": "IN", "domains": ["iiitvadodara.ac.in"], "name": "Indian Institute of Information Technology, Vadodara", "country": "India", "web_pages": ["http://iiitvadodara.ac.in/"]}, {"state-province": "Rajasthan", "alpha_two_code": "IN", "domains": ["iiitkota.ac.in"], "name": "Indian Institute of Information Technology, Kota", "country": "India", "web_pages": ["http://iiitkota.ac.in/"]}, {"state-province": "Maharashtra", "alpha_two_code": "IN", "domains": ["iipsindia.org"], "name": "International Institute for Population Sciences", "country": "India", "web_pages": ["http://www.iipsindia.org/"]}, {"state-province": "Karnataka", "alpha_two_code": "IN", "domains": ["iisc.ernet.in", "iisc.ac.in"], "name": "Indian Institute of Science", "country": "India", "web_pages": ["http://www.iisc.ernet.in/", "http://iisc.ac.in/"]}, {"state-province": "Maharashtra", "alpha_two_code": "IN", "domains": ["iitb.ac.in"], "name": "Indian Institute of Technology, Bombay", "country": "India", "web_pages": ["http://www.iitb.ac.in/"]}, {"state-province": "Delhi", "alpha_two_code": "IN", "domains": ["iitd.ernet.in", "iitd.ac.in"], "name": "Indian Institute of Technology, Delhi", "country": "India", "web_pages": ["http://www.iitd.ernet.in/", "https://home.iitd.ac.in/"]}, {"state-province": "Gujarat", "alpha_two_code": "IN", "domains": ["iitgn.ac.in"], "name": "Indian Institute of Technology, Gandhinagar", "country": "India", "web_pages": ["https://iitgn.ac.in/"]}, {"state-province": "Assam", "alpha_two_code": "IN", "domains": ["iitg.ernet.in", "iitg.ac.in"], "name": "Indian Institute of Technology, Guwahati", "country": "India", "web_pages": ["http://www.iitg.ernet.in/", "http://www.iitg.ac.in/"]}, {"state-province": "Telangana", "alpha_two_code": "IN", "domains": ["iith.ac.in"], "name": "Indian Institute of Technology, Hyderabad", "country": "India", "web_pages": ["http://www.iith.ac.in/"]}, {"state-province": "Uttar Pradesh", "alpha_two_code": "IN", "domains": ["iitk.ac.in"], "name": "Indian Institute of Technology, Kanpur", "country": "India", "web_pages": ["http://www.iitk.ac.in/"]}, {"state-province": "West Bengal", "alpha_two_code": "IN", "domains": ["iitkgp.ernet.in"], "name": "Indian Institute of Technology, Kharagpur", "country": "India", "web_pages": ["http://www.iitkgp.ernet.in/"]}, {"state-province": "Tamil Nadu", "alpha_two_code": "IN", "domains": ["iitm.ac.in"], "name": "Indian Institute of Technology, Madras", "country": "India", "web_pages": ["http://www.iitm.ac.in/"]}, {"state-province": "Tamil Nadu", "alpha_two_code": "IN", "domains": ["mitindia.edu"], "name": "Madras Institute of Technology", "country": "India", "web_pages": ["https://www.mitindia.edu/en/"]}, {"state-province": "Uttarakhand", "alpha_two_code": "IN", "domains": ["iitr.ac.in"], "name": "Indian Institute of Technology, Roorkee", "country": "India", "web_pages": ["http://www.iitr.ac.in/"]}, {"state-province": "Bihar", "alpha_two_code": "IN", "domains": ["iitp.ac.in"], "name": "Indian Institute of Technology, Patna", "country": "India", "web_pages": ["http://www.iitp.ac.in/"]}, {"state-province": "Madhya Pradesh", "alpha_two_code": "IN", "domains": ["iiti.ac.in"], "name": "Indian Institute of Technology, Indore", "country": "India", "web_pages": ["http://www.iiti.ac.in/"]}, {"state-province": "Rajasthan", "alpha_two_code": "IN", "domains": ["iitj.ac.in"], "name": "Indian Institute of Technology, Jodhpur", "country": "India", "web_pages": ["http://www.iitj.ac.in/"]}, {"state-province": null, "alpha_two_code": "IN", "domains": ["iksvv.com"], "name": "University of Music and Fine Arts", "country": "India", "web_pages": ["http://www.iksvv.com/"]}, {"state-province": "Delhi", "alpha_two_code": "IN", "domains": ["ilidelhi.org"], "name": "Indian Law Institue", "country": "India", "web_pages": ["http://www.ilidelhi.org/"]}, {"state-province": null, "alpha_two_code": "IN", "domains": ["indusuni.ac.in"], "name": "Indus University", "country": "India", "web_pages": ["http://www.indusuni.ac.in/"]}, {"state-province": null, "alpha_two_code": "IN", "domains": ["integraluniversity.ac.in"], "name": "Integral University", "country": "India", "web_pages": ["http://www.integraluniversity.ac.in/"]}, {"state-province": null, "alpha_two_code": "IN", "domains": ["ipu.ac.in"], "name": "Guru Gobind Singh Indraprastha University", "country": "India", "web_pages": ["http://www.ipu.ac.in/"]}, {"state-province": null, "alpha_two_code": "IN", "domains": ["isbm.org.in"], "name": "Indian School of Business Management and Administration", "country": "India", "web_pages": ["http://isbm.org.in/"]}, {"state-province": null, "alpha_two_code": "IN", "domains": ["isical.ac.in"], "name": "Indian Statistical Institute", "country": "India", "web_pages": ["http://www.isical.ac.in/"]}, {"state-province": null, "alpha_two_code": "IN", "domains": ["ismdhanbad.ac.in"], "name": "Indian School of Mines (ISM)", "country": "India", "web_pages": ["http://www.ismdhanbad.ac.in/"]}, {"state-province": null, "alpha_two_code": "IN", "domains": ["itmindia.edu"], "name": "Institute of Technology and Management", "country": "India", "web_pages": ["http://www.itmindia.edu/"]}, {"state-province": null, "alpha_two_code": "IN", "domains": ["iur.ac.in"], "name": "Indian University", "country": "India", "web_pages": ["http://www.iur.ac.in/"]}, {"state-province": null, "alpha_two_code": "IN", "domains": ["ivri.nic.in"], "name": "Indian Veterinary Research Institute", "country": "India", "web_pages": ["http://www.ivri.nic.in/"]}, {"state-province": "West Bengal", "alpha_two_code": "IN", "domains": ["jadavpur.edu"], "name": "Jadavpur University", "country": "India", "web_pages": ["http://www.jadavpur.edu/"]}, {"state-province": null, "alpha_two_code": "IN", "domains": ["jainuniversity.org"], "name": "First Global University to teaching Jainism", "country": "India", "web_pages": ["http://www.jainuniversity.org/"]}, {"state-province": null, "alpha_two_code": "IN", "domains": ["jamiahamdard.edu"], "name": "Jamia Hamdard University", "country": "India", "web_pages": ["http://www.jamiahamdard.edu/"]}, {"state-province": "Jammu", "alpha_two_code": "IN", "domains": ["jammuvarsity.org"], "name": "University of Jammu", "country": "India", "web_pages": ["http://www.jammuvarsity.org/"]}, {"state-province": null, "alpha_two_code": "IN", "domains": ["jiit.ac.in"], "name": "Jaypee Institute of Information Technology", "country": "India", "web_pages": ["http://www.jiit.ac.in/"]}, {"state-province": null, "alpha_two_code": "IN", "domains": ["jiwaji.edu"], "name": "Jiwaji University", "country": "India", "web_pages": ["http://www.jiwaji.edu/"]}, {"state-province": "Delhi", "alpha_two_code": "IN", "domains": ["jmi.nic.in"], "name": "Jamia Millia Islamia University", "country": "India", "web_pages": ["http://jmi.nic.in/"]}, {"state-province": null, "alpha_two_code": "IN", "domains": ["jncasr.ac.in"], "name": "Jawaharlal Nehru Centre for Advanced  Scientific Research", "country": "India", "web_pages": ["http://www.jncasr.ac.in/"]}, {"state-province": null, "alpha_two_code": "IN", "domains": ["jnkvv.nic.in"], "name": "Jawaharlal Nehru Agricultural University", "country": "India", "web_pages": ["http://www.jnkvv.nic.in/"]}, {"state-province": null, "alpha_two_code": "IN", "domains": ["jntu.ac.in"], "name": "Jawaharlal Nehru Technological University", "country": "India", "web_pages": ["http://www.jntu.ac.in/"]}, {"state-province": "Delhi", "alpha_two_code": "IN", "domains": ["jnu.ac.in"], "name": "Jawaharlal Nehru University", "country": "India", "web_pages": ["http://www.jnu.ac.in/"]}, {"state-province": "Rajasthan", "alpha_two_code": "IN", "domains": ["jnujaipur.ac.in"], "name": "Jaipur National University", "country": "India", "web_pages": ["http://www.jnujaipur.ac.in/"]}, {"state-province": "Rajasthan", "alpha_two_code": "IN", "domains": ["jodhpurnationaluniversity.com"], "name": "Jodhpur National University", "country": "India", "web_pages": ["http://www.jodhpurnationaluniversity.com/"]}, {"state-province": null, "alpha_two_code": "IN", "domains": ["jpv.bih.nic.in"], "name": "Jai Prakash University", "country": "India", "web_pages": ["http://jpv.bih.nic.in/"]}, {"state-province": "Rajasthan", "alpha_two_code": "IN", "domains": ["jrnrvu.org"], "name": "Rajasthan Vidyapeeth University", "country": "India", "web_pages": ["http://www.jrnrvu.org/"]}, {"state-province": null, "alpha_two_code": "IN", "domains": ["jvbi.ac.in"], "name": "Jain Vishva Bharati Institute", "country": "India", "web_pages": ["http://www.jvbi.ac.in/"]}, {"state-province": "Chhattisgarh", "alpha_two_code": "IN", "domains": ["kalingauniversity.com"], "name": "Kalinga University", "country": "India", "web_pages": ["http://www.kalingauniversity.com/"]}, {"state-province": null, "alpha_two_code": "IN", "domains": ["kanchiuniv.ac.in"], "name": "Sri Chandrasekharendra Saraswathi Viswa Mahavidyalaya", "country": "India", "web_pages": ["http://www.kanchiuniv.ac.in/"]}, {"state-province": "Karnataka", "alpha_two_code": "IN", "domains": ["kannadauniversity.org"], "name": "Kannada University", "country": "India", "web_pages": ["http://www.kannadauniversity.org/"]}, {"state-province": null, "alpha_two_code": "IN", "domains": ["kannuruniversity.ac.in"], "name": "Kannur University", "country": "India", "web_pages": ["http://www.kannuruniversity.ac.in/"]}, {"state-province": null, "alpha_two_code": "IN", "domains": ["kanpuruniversity.org"], "name": "Chhatrapati Shahu Ji Maharaj University", "country": "India", "web_pages": ["http://www.kanpuruniversity.org/"]}, {"state-province": null, "alpha_two_code": "IN", "domains": ["kanpuruniversity.org"], "name": "Kanpur University", "country": "India", "web_pages": ["http://www.kanpuruniversity.org/"]}, {"state-province": "Karnataka", "alpha_two_code": "IN", "domains": ["karnatakastateopenuniversity.in"], "name": "Karnataka State Open University", "country": "India", "web_pages": ["http://www.karnatakastateopenuniversity.in/"]}, {"state-province": "Tamil Nadu", "alpha_two_code": "IN", "domains": ["karpagamuniv.com"], "name": "Karpagam University", "country": "India", "web_pages": ["http://www.karpagamuniv.com/"]}, {"state-province": "Tamil Nadu", "alpha_two_code": "IN", "domains": ["karunya.edu"], "name": "Karunya Institute Of Technology", "country": "India", "web_pages": ["http://www.karunya.edu/"]}, {"state-province": "Kashmir", "alpha_two_code": "IN", "domains": ["kashmiruniversity.net"], "name": "University of Kashmir", "country": "India", "web_pages": ["http://kashmiruniversity.net/"]}, {"state-province": "Kerala", "alpha_two_code": "IN", "domains": ["kau.edu"], "name": "Kerala Agricultural University", "country": "India", "web_pages": ["http://www.kau.edu/"]}, {"state-province": "Kerala", "alpha_two_code": "IN", "domains": ["keralauniversity.ac.in"], "name": "University of Kerala", "country": "India", "web_pages": ["http://www.keralauniversity.ac.in/"]}, {"state-province": null, "alpha_two_code": "IN", "domains": ["kimi.kohinoor.ac.in"], "name": "Kohinoor School of Hospitality Management", "country": "India", "web_pages": ["http://kimi.kohinoor.ac.in/"]}, {"state-province": null, "alpha_two_code": "IN", "domains": ["klyuniv.ac.in"], "name": "University of Kalyani", "country": "India", "web_pages": ["http://www.klyuniv.ac.in/"]}, {"state-province": null, "alpha_two_code": "IN", "domains": ["krishnauniversity.ac.in"], "name": "Krishna University", "country": "India", "web_pages": ["http://www.krishnauniversity.ac.in/"]}, {"state-province": null, "alpha_two_code": "IN", "domains": ["ksdsu.edu.in"], "name": "Kameshwar Singh Darbhanga Sanskrit University", "country": "India", "web_pages": ["http://www.ksdsu.edu.in/"]}, {"state-province": "Karnataka", "alpha_two_code": "IN", "domains": ["kslu.ac.in"], "name": "Karnataka State Law University", "country": "India", "web_pages": ["http://www.kslu.ac.in/"]}, {"state-province": null, "alpha_two_code": "IN", "domains": ["kud.ac.in"], "name": "Karnatak University", "country": "India", "web_pages": ["http://www.kud.ac.in/"]}, {"state-province": "Kerala", "alpha_two_code": "IN", "domains": ["kufos.ac.in"], "name": "Kerala University of Fisheries and Ocean Sciences", "country": "India", "web_pages": ["http://www.kufos.ac.in/"]}, {"state-province": null, "alpha_two_code": "IN", "domains": ["kukinfo.com"], "name": "Kurukshetra University", "country": "India", "web_pages": ["http://www.kukinfo.com/"]}, {"state-province": "Tamil Nadu", "alpha_two_code": "IN", "domains": ["kct.ac.in"], "name": "Kumaraguru College of Technology", "country": "India", "web_pages": ["http://www.kct.ac.in/"]}, {"state-province": null, "alpha_two_code": "IN", "domains": ["kumaununiversity.org"], "name": "Kumaun University", "country": "India", "web_pages": ["http://www.kumaununiversity.org/"]}, {"state-province": null, "alpha_two_code": "IN", "domains": ["kuvempu.ac.in"], "name": "Kuvempu University", "country": "India", "web_pages": ["http://www.kuvempu.ac.in/"]}, {"state-province": null, "alpha_two_code": "IN", "domains": ["kuwarangal.com"], "name": "Kakatiya University", "country": "India", "web_pages": ["http://www.kuwarangal.com/"]}, {"state-province": null, "alpha_two_code": "IN", "domains": ["ldceahd.org"], "name": "L.D.College of Engineering", "country": "India", "web_pages": ["http://www.ldceahd.org/"]}, {"state-province": null, "alpha_two_code": "IN", "domains": ["lnipe.edu"], "name": "Lakshmibai National Institute of Physical Education", "country": "India", "web_pages": ["http://www.lnipe.edu/"]}, {"state-province": null, "alpha_two_code": "IN", "domains": ["lnmu.bih.nic.in"], "name": "Lalit Narayan Mithila University", "country": "India", "web_pages": ["http://lnmu.bih.nic.in/"]}, {"state-province": "Uttar Pradesh", "alpha_two_code": "IN", "domains": ["lucknowuniv.org"], "name": "University of Lucknow", "country": "India", "web_pages": ["http://www.lucknowuniv.org/"]}, {"state-province": null, "alpha_two_code": "IN", "domains": ["macfast.org"], "name": "Mar Athanasios College for Advanced Studies", "country": "India", "web_pages": ["http://www.macfast.org/"]}, {"state-province": null, "alpha_two_code": "IN", "domains": ["magadhuniversity.org"], "name": "Magadh University", "country": "India", "web_pages": ["http://www.magadhuniversity.org/"]}, {"state-province": "Karnataka", "alpha_two_code": "IN", "domains": ["mangaloreuniversity.ac.in"], "name": "Mangalore University", "country": "India", "web_pages": ["http://www.mangaloreuniversity.ac.in/"]}, {"state-province": "Karnataka", "alpha_two_code": "IN", "domains": ["manipal.edu"], "name": "Manipal University", "country": "India", "web_pages": ["http://www.manipal.edu/"]}, {"state-province": "Manipur", "alpha_two_code": "IN", "domains": ["manipur.nic.in"], "name": "Manipur University", "country": "India", "web_pages": ["http://www.manipur.nic.in/maniuniversity.htm"]}, {"state-province": null, "alpha_two_code": "IN", "domains": ["manuu.ac.in"], "name": "Moulana Azad national Urdu University", "country": "India", "web_pages": ["http://www.manuu.ac.in/"]}, {"state-province": null, "alpha_two_code": "IN", "domains": ["mcu.ac.in"], "name": "Makanlal Chutur Vedi University", "country": "India", "web_pages": ["http://www.mcu.ac.in/"]}, {"state-province": null, "alpha_two_code": "IN", "domains": ["mdsuajmer.ac.in"], "name": "Maharshi Dayanand Sarswati University Ajmer", "country": "India", "web_pages": ["http://www.mdsuajmer.ac.in/"]}, {"state-province": "Haryana", "alpha_two_code": "IN", "domains": ["mdurohtak.com"], "name": "Maharishi Dayanand University, Rohtak", "country": "India", "web_pages": ["http://www.mdurohtak.com/"]}, {"state-province": null, "alpha_two_code": "IN", "domains": ["mgkvp.ac.in"], "name": "Mahatma Gandhi Kashi Vidyapith", "country": "India", "web_pages": ["http://www.mgkvp.ac.in/"]}, {"state-province": null, "alpha_two_code": "IN", "domains": ["mgsubikaner.ac.in"], "name": "Maharaja Ganga Singh University, Bikaner", "country": "India", "web_pages": ["http://www.mgsubikaner.ac.in/"]}, {"state-province": "Kerala", "alpha_two_code": "IN", "domains": ["mgu.ac.in"], "name": "Mahatma Gandhi University, Kerala", "country": "India", "web_pages": ["http://www.mgu.ac.in/"]}, {"state-province": null, "alpha_two_code": "IN", "domains": ["mjpru.ac.in"], "name": "Mahatma Jyotiba Phule Rohilkhand University Bareilly", "country": "India", "web_pages": ["http://www.mjpru.ac.in/"]}, {"state-province": "Tamil Nadu", "alpha_two_code": "IN", "domains": ["mkuhyd.com"], "name": "Madurai Kamaraj University", "country": "India", "web_pages": ["http://www.mkuhyd.com/"]}, {"state-province": null, "alpha_two_code": "IN", "domains": ["mkv2.mah.nic.in"], "name": "Marathwada Agricultural University", "country": "India", "web_pages": ["http://mkv2.mah.nic.in/"]}, {"state-province": null, "alpha_two_code": "IN", "domains": ["mlsu.ac.in"], "name": "Mohan Lal Sukhadia University", "country": "India", "web_pages": ["http://www.mlsu.ac.in/"]}, {"state-province": null, "alpha_two_code": "IN", "domains": ["mnnit.ac.in"], "name": "Motilal Nehru National Institute Of Technology", "country": "India", "web_pages": ["http://www.mnnit.ac.in/"]}, {"state-province": "Madhya Pradesh", "alpha_two_code": "IN", "domains": ["mpbou.org"], "name": "Madhya Pradesh Bhoj (Open) University", "country": "India", "web_pages": ["http://www.mpbou.org/"]}, {"state-province": null, "alpha_two_code": "IN", "domains": ["mpkv.mah.nic.in"], "name": "Mahatma Phule Agricultural University", "country": "India", "web_pages": ["http://mpkv.mah.nic.in/"]}, {"state-province": null, "alpha_two_code": "IN", "domains": ["msubaroda.ac.in"], "name": "Maharaja Sayajirao University of Baroda", "country": "India", "web_pages": ["http://www.msubaroda.ac.in/"]}, {"state-province": "Maharashtra", "alpha_two_code": "IN", "domains": ["mu.ac.in"], "name": "University of Mumbai", "country": "India", "web_pages": ["http://www.mu.ac.in/"]}, {"state-province": null, "alpha_two_code": "IN", "domains": ["nagarjunauniversity.ac.in"], "name": "Acharya Nagarjuna University", "country": "India", "web_pages": ["http://www.nagarjunauniversity.ac.in/"]}, {"state-province": "Nagaland", "alpha_two_code": "IN", "domains": ["nagauniv.org.in"], "name": "Nagaland University", "country": "India", "web_pages": ["http://www.nagauniv.org.in/"]}, {"state-province": "Maharashtra", "alpha_two_code": "IN", "domains": ["nagpur-university.com"], "name": "Nagpur University", "country": "India", "web_pages": ["http://www.nagpur-university.com/"]}, {"state-province": null, "alpha_two_code": "IN", "domains": ["nalandaopenuniversity.info"], "name": "Nalanda Open University", "country": "India", "web_pages": ["http://www.nalandaopenuniversity.info/"]}, {"state-province": null, "alpha_two_code": "IN", "domains": ["nationalmuseumindia.org"], "name": "National Museum Institute of History of Art, Conservation and Museology", "country": "India", "web_pages": ["http://www.nationalmuseumindia.org/nmi/index.htm"]}, {"state-province": "West Bengal", "alpha_two_code": "IN", "domains": ["nbu.ac.in"], "name": "University of North Bengal", "country": "India", "web_pages": ["http://www.nbu.ac.in/"]}, {"state-province": null, "alpha_two_code": "IN", "domains": ["ndri.nic.in"], "name": "National Dairy Research Institute", "country": "India", "web_pages": ["http://ndri.nic.in/"]}, {"state-province": null, "alpha_two_code": "IN", "domains": ["nduat.nic.in"], "name": "Narendra Deva University of Agriculture and Technology", "country": "India", "web_pages": ["http://www.nduat.nic.in/"]}, {"state-province": null, "alpha_two_code": "IN", "domains": ["nehu.ac.in"], "name": "North Eastern Hill University", "country": "India", "web_pages": ["http://www.nehu.ac.in/"]}, {"state-province": "Gujarat", "alpha_two_code": "IN", "domains": ["ngu.ac.in"], "name": "Hemchandracharay North Gujarat University", "country": "India", "web_pages": ["http://www.ngu.ac.in/"]}, {"state-province": null, "alpha_two_code": "IN", "domains": ["nimhans.kar.nic.in"], "name": "National Institute of Mental Health and Neuro Sciences", "country": "India", "web_pages": ["http://www.nimhans.kar.nic.in/"]}, {"state-province": null, "alpha_two_code": "IN", "domains": ["nims.ap.nic.in"], "name": "Nizam's Institute of Medical Sciences", "country": "India", "web_pages": ["http://nims.ap.nic.in/"]}, {"state-province": null, "alpha_two_code": "IN", "domains": ["nims.net.in"], "name": "Institute of Management Studies", "country": "India", "web_pages": ["http://www.nims.net.in/"]}, {"state-province": null, "alpha_two_code": "IN", "domains": ["nirmauni.ac.in"], "name": "Nirma University", "country": "India", "web_pages": ["http://www.nirmauni.ac.in/"]}, {"state-province": null, "alpha_two_code": "IN", "domains": ["nitie.edu"], "name": "National Institute of Industrial Engineering", "country": "India", "web_pages": ["http://www.nitie.edu/"]}, {"state-province": null, "alpha_two_code": "IN", "domains": ["nita.ac.in"], "name": "National Institute of Technology Agartala", "country": "India", "web_pages": ["http://www.nita.ac.in/"]}, {"state-province": "Andhra Pradesh", "alpha_two_code": "IN", "domains": ["nitandhra.ac.in"], "name": "National Institute of Technology Andhra Pradesh", "country": "India", "web_pages": ["http://www.nitandhra.ac.in/"]}, {"state-province": "Arunachal Pradesh", "alpha_two_code": "IN", "domains": ["nitap.in"], "name": "National Institute of Technology Arunachal Pradesh", "country": "India", "web_pages": ["http://www.nitap.in/"]}, {"state-province": "Kerala", "alpha_two_code": "IN", "domains": ["nitc.ac.in"], "name": "National Institute of Technology Calicut", "country": "India", "web_pages": ["http://www.nitc.ac.in/"]}, {"state-province": "Delhi", "alpha_two_code": "IN", "domains": ["nitdelhi.ac.in"], "name": "National Institute of Technology Delhi", "country": "India", "web_pages": ["http://www.nitdelhi.ac.in/"]}, {"state-province": "West Bengal", "alpha_two_code": "IN", "domains": ["nitdgp.ac.in"], "name": "National Institute of Technology Durgapur", "country": "India", "web_pages": ["http://www.nitdgp.ac.in/"]}, {"state-province": "Goa", "alpha_two_code": "IN", "domains": ["nitgoa.ac.in"], "name": "National Institute of Technology Goa", "country": "India", "web_pages": ["http://www.nitgoa.ac.in/"]}, {"state-province": "Himachal Pradesh", "alpha_two_code": "IN", "domains": ["nith.ac.in"], "name": "National Institute of Technology Hamirpur", "country": "India", "web_pages": ["http://www.nith.ac.in/"]}, {"state-province": "Jharkhand", "alpha_two_code": "IN", "domains": ["nitjsr.ac.in"], "name": "National Institute of Technology Jamshedpur", "country": "India", "web_pages": ["http://www.nitjsr.ac.in/"]}, {"state-province": "Haryana", "alpha_two_code": "IN", "domains": ["nitkkr.net"], "name": "National Institute of Technology Kurukshetra", "country": "India", "web_pages": ["http://www.nitkkr.net/"]}, {"state-province": "Manipur", "alpha_two_code": "IN", "domains": ["nitmanipur.ac.in"], "name": "National Institute of Technology Manipur", "country": "India", "web_pages": ["http://www.nitmanipur.ac.in"]}, {"state-province": "Meghalaya", "alpha_two_code": "IN", "domains": ["nitm.ac.in"], "name": "National Institute of Technology Meghalaya", "country": "India", "web_pages": ["http://www.nitm.ac.in"]}, {"state-province": "Mizoram", "alpha_two_code": "IN", "domains": ["nitmz.ac.in"], "name": "National Institute of Technology Mizoram", "country": "India", "web_pages": ["http://www.nitmz.ac.in"]}, {"state-province": "Nagaland", "alpha_two_code": "IN", "domains": ["nitnagaland.ac.in"], "name": "National Institute of Technology Nagaland", "country": "India", "web_pages": ["http://www.nitnagaland.ac.in"]}, {"state-province": "Bihar", "alpha_two_code": "IN", "domains": ["nitp.ac.in"], "name": "National Institute of Technology Patna", "country": "India", "web_pages": ["http://www.nitp.ac.in"]}, {"state-province": "Puducherry", "alpha_two_code": "IN", "domains": ["nitpy.ac.in"], "name": "National Institute of Technology Puducherry", "country": "India", "web_pages": ["http://www.nitpy.ac.in"]}, {"state-province": "Chhattisgarh", "alpha_two_code": "IN", "domains": ["nitrr.ac.in"], "name": "National Institute of Technology Raipur", "country": "India", "web_pages": ["http://www.nitrr.ac.in"]}, {"state-province": "Odisha", "alpha_two_code": "IN", "domains": ["nitrkl.ac.in"], "name": "National Institute of Technology Rourkela", "country": "India", "web_pages": ["http://www.nitrkl.ac.in/"]}, {"state-province": "Sikkim", "alpha_two_code": "IN", "domains": ["nitsikkim.ac.in"], "name": "National Institute of Technology Sikkim", "country": "India", "web_pages": ["http://www.nitsikkim.ac.in/"]}, {"state-province": "Assam", "alpha_two_code": "IN", "domains": ["nits.ac.in"], "name": "National Institute of Technology Silchar", "country": "India", "web_pages": ["http://www.nits.ac.in/"]}, {"state-province": "Jammu and Kashmir", "alpha_two_code": "IN", "domains": ["nitsri.net"], "name": "National Institute of Technology Srinagar", "country": "India", "web_pages": ["http://www.nitsri.net/"]}, {"state-province": "Karnataka", "alpha_two_code": "IN", "domains": ["nitk.ac.in"], "name": "National Institute of Technology Surathkal", "country": "India", "web_pages": ["http://www.nitk.ac.in/"]}, {"state-province": "Tamil Nadu", "alpha_two_code": "IN", "domains": ["nitt.edu"], "name": "National Institute of Technology Trichy", "country": "India", "web_pages": ["http://www.nitt.edu/"]}, {"state-province": "Uttarakhand", "alpha_two_code": "IN", "domains": ["nituk.ac.in"], "name": "National Institute of Technology Uttarakhand", "country": "India", "web_pages": ["http://www.nituk.ac.in/"]}, {"state-province": "Telangana", "alpha_two_code": "IN", "domains": ["nitw.ernet.in"], "name": "National Institute of Technology Warangal", "country": "India", "web_pages": ["http://www.nitw.ernet.in/"]}, {"state-province": null, "alpha_two_code": "IN", "domains": ["nls.ac.in"], "name": "National Law School of India University", "country": "India", "web_pages": ["http://www.nls.ac.in/"]}, {"state-province": null, "alpha_two_code": "IN", "domains": ["nmims.edu"], "name": "Narsee Monjee Institute of Management Studies", "country": "India", "web_pages": ["http://www.nmims.edu/"]}, {"state-province": "Maharashtra", "alpha_two_code": "IN", "domains": ["nmu.ac.in"], "name": "North Maharashtra University", "country": "India", "web_pages": ["http://www.nmu.ac.in/"]}, {"state-province": null, "alpha_two_code": "IN", "domains": ["nsit.ac.in"], "name": "Netaji Subhas Institute of Technology", "country": "India", "web_pages": ["http://www.nsit.ac.in/"]}, {"state-province": null, "alpha_two_code": "IN", "domains": ["osmania.ac.in"], "name": "Osmania University", "country": "India", "web_pages": ["http://www.osmania.ac.in/"]}, {"state-province": null, "alpha_two_code": "IN", "domains": ["padmavatiwomen-univ.org"], "name": "Sri Padmavati Women's University", "country": "India", "web_pages": ["http://www.padmavatiwomen-univ.org/"]}, {"state-province": null, "alpha_two_code": "IN", "domains": ["pdpu.ac.in"], "name": "Pandit Deendayal Petroleum University", "country": "India", "web_pages": ["http://www.pdpu.ac.in/"]}, {"state-province": "Punjab", "alpha_two_code": "IN", "domains": ["pau.edu"], "name": "Punjab Agricultural University", "country": "India", "web_pages": ["http://www.pau.edu/"]}, {"state-province": null, "alpha_two_code": "IN", "domains": ["pdkv.ac.in"], "name": "Dr. Panjabrao Deshmukh Krishi Vidyapeeth", "country": "India", "web_pages": ["http://www.pdkv.ac.in/"]}, {"state-province": null, "alpha_two_code": "IN", "domains": ["paruluniversity.ac.in"], "name": "Parul University", "country": "India", "web_pages": ["http://www.paruluniversity.ac.in/"]}, {"state-province": "Punjab", "alpha_two_code": "IN", "domains": ["pec.ac.in"], "name": "Punjab Engineering College", "country": "India", "web_pages": ["http://www.pec.ac.in/"]}, {"state-province": "Karnataka", "alpha_two_code": "IN", "domains": ["pes.edu"], "name": "PES University", "country": "India", "web_pages": ["http://www.pes.edu/"]}, {"state-province": "Punjab and Haryana", "alpha_two_code": "IN", "domains": ["pgimer.nic.in"], "name": "Postgraduate lnstitute of Medical Education and Research", "country": "India", "web_pages": ["http://www.pgimer.nic.in/"]}, {"state-province": "Puducherry", "alpha_two_code": "IN", "domains": ["pondiuni.org"], "name": "Pondicherry University", "country": "India", "web_pages": ["http://www.pondiuni.org/"]}, {"state-province": "Tamil Nadu", "alpha_two_code": "IN", "domains": ["psgtech.edu"], "name": "PSG College of Technology", "country": "India", "web_pages": ["http://www.psgtech.edu/"]}, {"state-province": null, "alpha_two_code": "IN", "domains": ["ptetjnvu.org"], "name": "Jai Narain Vyas University", "country": "India", "web_pages": ["http://www.ptetjnvu.org/"]}, {"state-province": "Punjab", "alpha_two_code": "IN", "domains": ["ptu.ac.in"], "name": "Punjab Technical University", "country": "India", "web_pages": ["http://www.ptu.ac.in/"]}, {"state-province": "Punjab", "alpha_two_code": "IN", "domains": ["puchd.ac.in"], "name": "Panjab University", "country": "India", "web_pages": ["http://www.puchd.ac.in/"]}, {"state-province": "Punjab", "alpha_two_code": "IN", "domains": ["punjabiuniversity.ac.in"], "name": "Punjabi University Patiala", "country": "India", "web_pages": ["http://www.punjabiuniversity.ac.in/"]}, {"state-province": "Bihar", "alpha_two_code": "IN", "domains": ["puonline.bih.nic.in"], "name": "Patna University", "country": "India", "web_pages": ["http://puonline.bih.nic.in/"]}, {"state-province": null, "alpha_two_code": "IN", "domains": ["pusavarsity.org.in"], "name": "Rajendra Agricultural University", "country": "India", "web_pages": ["http://www.pusavarsity.org.in/"]}, {"state-province": null, "alpha_two_code": "IN", "domains": ["rabindrabharatiuniversity.net"], "name": "Rabindra Bharati University", "country": "India", "web_pages": ["http://www.rabindrabharatiuniversity.net/"]}, {"state-province": "Jharkhand", "alpha_two_code": "IN", "domains": ["ranchiuniversity.org.in"], "name": "Ranchi University", "country": "India", "web_pages": ["http://www.ranchiuniversity.org.in/"]}, {"state-province": "Rajasthan", "alpha_two_code": "IN", "domains": ["raubikaner.org"], "name": "Rajasthan Agricultural University, Bikaner", "country": "India", "web_pages": ["http://www.raubikaner.org/"]}, {"state-province": null, "alpha_two_code": "IN", "domains": ["rdunijbpin.org"], "name": "Rani Durgavati University", "country": "India", "web_pages": ["http://www.rdunijbpin.org/"]}, {"state-province": "Madhya Pradesh", "alpha_two_code": "IN", "domains": ["rgtu.net"], "name": "Rajiv Gandhi Technical University (University of Technology of Madhya Pradesh)", "country": "India", "web_pages": ["http://www.rgtu.net/"]}, {"state-province": null, "alpha_two_code": "IN", "domains": ["rgu.ac.in"], "name": "Rajiv Gandhi University", "country": "India", "web_pages": ["http://www.rgu.ac.in/"]}, {"state-province": null, "alpha_two_code": "IN", "domains": ["riths.ac.in"], "name": "Rajitlal Institute of Technology & Health Sciences (RITHS)", "country": "India", "web_pages": ["http://www.riths.ac.in/"]}, {"state-province": null, "alpha_two_code": "IN", "domains": ["rmlau.ac.in"], "name": "Dr. Ram Manohar Lohia Avadh University", "country": "India", "web_pages": ["http://www.rmlau.ac.in/"]}, {"state-province": null, "alpha_two_code": "IN", "domains": ["rsuniversity.com"], "name": "Pandit Ravi Shankar Shukla University", "country": "India", "web_pages": ["http://www.rsuniversity.com/"]}, {"state-province": "Rajasthan", "alpha_two_code": "IN", "domains": ["rtu.ac.in"], "name": "Rajasthan Technical University", "country": "India", "web_pages": ["http://www.rtu.ac.in/"]}, {"state-province": null, "alpha_two_code": "IN", "domains": ["ruraluniversity-chitrakoot.org"], "name": "Mahatma Gandhi Chitrakut Gramoday University", "country": "India", "web_pages": ["http://www.ruraluniversity-chitrakoot.org/"]}, {"state-province": null, "alpha_two_code": "IN", "domains": ["sagaruniversity.nic.in"], "name": "Dr. Hari Singh Gour University, formerly University of Sagar", "country": "India", "web_pages": ["http://www.sagaruniversity.nic.in/"]}, {"state-province": null, "alpha_two_code": "IN", "domains": ["sambalpuruniversitypgc.in"], "name": "Sambalpur University", "country": "India", "web_pages": ["http://www.sambalpuruniversitypgc.in/"]}, {"state-province": null, "alpha_two_code": "IN", "domains": ["sanskrit.nic.in"], "name": "National Sanskrit University", "country": "India", "web_pages": ["http://www.sanskrit.nic.in/"]}, {"state-province": "Tamil Nadu", "alpha_two_code": "IN", "domains": ["sastra.edu", "sastra.ac.in"], "name": "SASTRA University", "country": "India", "web_pages": ["http://www.sastra.edu/"]}, {"state-province": "Tamil Nadu", "alpha_two_code": "IN", "domains": ["sathyabamauniv.ac.in"], "name": "Sathyabama University", "country": "India", "web_pages": ["http://www.sathyabamauniv.ac.in/"]}, {"state-province": null, "alpha_two_code": "IN", "domains": ["saurashtrauniversity.edu"], "name": "Saurashtra University", "country": "India", "web_pages": ["http://www.saurashtrauniversity.edu/"]}, {"state-province": null, "alpha_two_code": "IN", "domains": ["sctimst.ker.nic.in"], "name": "Sree Chitra Tirunal Institute for Medical Sciences and Technology", "country": "India", "web_pages": ["http://sctimst.ker.nic.in/"]}, {"state-province": null, "alpha_two_code": "IN", "domains": ["sdau.edu.in"], "name": "Sardarkrushinagar Dantiwada Agricultural University", "country": "India", "web_pages": ["http://www.sdau.edu.in/"]}, {"state-province": null, "alpha_two_code": "IN", "domains": ["sgpgi.ac.in"], "name": "Sanjay Gandhi Postgraduate lnstitute of Medical Sciences", "country": "India", "web_pages": ["http://www.sgpgi.ac.in/"]}, {"state-province": null, "alpha_two_code": "IN", "domains": ["sgu.ernet.in"], "name": "South Gujarat University", "country": "India", "web_pages": ["http://www.sgu.ernet.in/"]}, {"state-province": null, "alpha_two_code": "IN", "domains": ["shobhituniversity.ac.in"], "name": "Shobhit University, Meerut", "country": "India", "web_pages": ["http://www.shobhituniversity.ac.in/"]}, {"state-province": null, "alpha_two_code": "IN", "domains": ["shridharuniversity.ac.in"], "name": "Shridhar University", "country": "India", "web_pages": ["http://www.shridharuniversity.ac.in/"]}, {"state-province": null, "alpha_two_code": "IN", "domains": ["simhapuriuniv.ac.in"], "name": "Vikrama Simhapuri University", "country": "India", "web_pages": ["http://www.simhapuriuniv.ac.in/"]}, {"state-province": null, "alpha_two_code": "IN", "domains": ["siu.edu.in"], "name": "Symbiosis International University", "country": "India", "web_pages": ["http://www.siu.edu.in/"]}, {"state-province": null, "alpha_two_code": "IN", "domains": ["sjsv.nic.in"], "name": "Shri Jagannath Sanskrit University", "country": "India", "web_pages": ["http://www.sjsv.nic.in/"]}, {"state-province": null, "alpha_two_code": "IN", "domains": ["skmu.edu.in"], "name": "Sido Kanhu Murmu University", "country": "India", "web_pages": ["http://www.skmu.edu.in/"]}, {"state-province": null, "alpha_two_code": "IN", "domains": ["skuastkashmir.ac.in"], "name": "Sher-E-Kashmir University of Agricultural Sciences and Technology", "country": "India", "web_pages": ["http://www.skuastkashmir.ac.in/"]}, {"state-province": null, "alpha_two_code": "IN", "domains": ["skuniv.ap.nic.in"], "name": "Sri Krishnadevaraya University", "country": "India", "web_pages": ["http://skuniv.ap.nic.in/"]}, {"state-province": null, "alpha_two_code": "IN", "domains": ["slbsrsv.ac.in"], "name": "Shri Lal Bahadur Shastri Rashtriya Sanskrit Vidyapeetha", "country": "India", "web_pages": ["http://www.slbsrsv.ac.in/"]}, {"state-province": null, "alpha_two_code": "IN", "domains": ["smkfomra.net"], "name": "SMK Fomra Institute of Technology", "country": "India", "web_pages": ["http://www.smkfomra.net/"]}, {"state-province": "Sikkim", "alpha_two_code": "IN", "domains": ["smu.edu.in"], "name": "Sikkim Manipal University of Health, Medical and Technological Sciences", "country": "India", "web_pages": ["http://www.smu.edu.in/"]}, {"state-province": null, "alpha_two_code": "IN", "domains": ["sndt.edu"], "name": "Shreemati Nathibai Damodar Thackersey Women's University", "country": "India", "web_pages": ["http://www.sndt.edu/"]}, {"state-province": null, "alpha_two_code": "IN", "domains": ["soauniversity.ac.in"], "name": "Sikha 'O' Anushandhan University", "country": "India", "web_pages": ["http://www.soauniversity.ac.in/"]}, {"state-province": null, "alpha_two_code": "IN", "domains": ["southasianuniversity.org"], "name": "South Asian University", "country": "India", "web_pages": ["http://www.southasianuniversity.org/"]}, {"state-province": "Delhi", "alpha_two_code": "IN", "domains": ["spa.ac.in"], "name": "School of Planning and Architecture", "country": "India", "web_pages": ["http://www.spa.ac.in/"]}, {"state-province": "Tamil Nadu", "alpha_two_code": "IN", "domains": ["spuniv.org"], "name": "Periyar University", "country": "India", "web_pages": ["http://www.spuniv.org/"]}, {"state-province": null, "alpha_two_code": "IN", "domains": ["spuvvn.edu"], "name": "Sardar Patel University", "country": "India", "web_pages": ["http://www.spuvvn.edu/"]}, {"state-province": null, "alpha_two_code": "IN", "domains": ["srisathyasai.org.in"], "name": "Sri Sathya Sai Institute of Higher Learning", "country": "India", "web_pages": ["http://www.srisathyasai.org.in/pages/instts/HighLearn.htm"]}, {"state-province": null, "alpha_two_code": "IN", "domains": ["srkdc.org"], "name": "Sree Rama Krishna Degree College", "country": "India", "web_pages": ["http://www.srkdc.org/"]}, {"state-province": "Tamil Nadu", "alpha_two_code": "IN", "domains": ["srmuniv.ac.in"], "name": "SRM Institute Of Science & Technology", "country": "India", "web_pages": ["http://www.srmuniv.ac.in/"]}, {"state-province": null, "alpha_two_code": "IN", "domains": ["srtmun.org"], "name": "Swami Ramanand Teerth Marathwada University", "country": "India", "web_pages": ["http://www.srtmun.org/"]}, {"state-province": null, "alpha_two_code": "IN", "domains": ["ssgmce.org"], "name": "Sri Sant Gajanan Maharaj College of Engineering", "country": "India", "web_pages": ["http://www.ssgmce.org/"]}, {"state-province": null, "alpha_two_code": "IN", "domains": ["ssus.ac.in"], "name": "Sree Sankaracharya University of Sanskrit", "country": "India", "web_pages": ["http://www.ssus.ac.in/"]}, {"state-province": null, "alpha_two_code": "IN", "domains": ["ssvv.up.nic.in"], "name": "Sampurnanand Sanskrit University", "country": "India", "web_pages": ["http://ssvv.up.nic.in/"]}, {"state-province": null, "alpha_two_code": "IN", "domains": ["su.digitaluniversity.ac"], "name": "Solapur University", "country": "India", "web_pages": ["http://su.digitaluniversity.ac/"]}, {"state-province": null, "alpha_two_code": "IN", "domains": ["svbpuctm.org"], "name": "Sardar Vallabhai Patel University of Agriculture Amd Technology", "country": "India", "web_pages": ["http://www.svbpuctm.org/"]}, {"state-province": null, "alpha_two_code": "IN", "domains": ["svnit.ac.in"], "name": "Sardar Vallabhbhai National Institute of Technology", "country": "India", "web_pages": ["http://www.svnit.ac.in/"]}, {"state-province": null, "alpha_two_code": "IN", "domains": ["svimstpt.ap.nic.in"], "name": "Sri Venkateswara Institute of Medical Sciences", "country": "India", "web_pages": ["http://svimstpt.ap.nic.in/"]}, {"state-province": null, "alpha_two_code": "IN", "domains": ["svuni.ap.nic.in"], "name": "Sri Venkateswara University", "country": "India", "web_pages": ["http://svuni.ap.nic.in/"]}, {"state-province": "Tamil Nadu", "alpha_two_code": "IN", "domains": ["tamiluniversity.ac.in"], "name": "Tamil University", "country": "India", "web_pages": ["http://www.tamiluniversity.ac.in/"]}, {"state-province": "Tamil Nadu", "alpha_two_code": "IN", "domains": ["tanuvas.com"], "name": "Tamil Nadu Veterinary and Animal Sciences University", "country": "India", "web_pages": ["http://www.tanuvas.com/"]}, {"state-province": "Tamil Nadu", "alpha_two_code": "IN", "domains": ["tce.edu"], "name": "Thiagarajar College of Engineering", "country": "India", "web_pages": ["http://www.tce.edu/"]}, {"state-province": "Telangana", "alpha_two_code": "IN", "domains": ["teluguuniversity.ac.in"], "name": "Potti Sreeramulu Telugu University", "country": "India", "web_pages": ["http://www.teluguuniversity.ac.in/"]}, {"state-province": null, "alpha_two_code": "IN", "domains": ["tezu.ernet.in"], "name": "Tezpur University", "country": "India", "web_pages": ["http://www.tezu.ernet.in/"]}, {"state-province": "Tamil Nadu", "alpha_two_code": "IN", "domains": ["thenewcollege.edu.in"], "name": "The New College", "country": "India", "web_pages": ["http://www.thenewcollege.edu.in/"]}, {"state-province": "Punjab", "alpha_two_code": "IN", "domains": ["tiet.ac.in"], "name": "Thapar Institute of Engineering and Technology", "country": "India", "web_pages": ["http://www.tiet.ac.in/"]}, {"state-province": null, "alpha_two_code": "IN", "domains": ["tiss.edu"], "name": "Tata Institute of Social Sciences", "country": "India", "web_pages": ["http://www.tiss.edu/"]}, {"state-province": null, "alpha_two_code": "IN", "domains": ["tmbu.org"], "name": "Tilka Manjhi Bhagalpur University", "country": "India", "web_pages": ["http://www.tmbu.org/"]}, {"state-province": null, "alpha_two_code": "IN", "domains": ["tmv.edu.in"], "name": "Tilak Maharashtra Vidyapeeth", "country": "India", "web_pages": ["http://www.tmv.edu.in/"]}, {"state-province": "Tamil Nadu", "alpha_two_code": "IN", "domains": ["tndalu.org"], "name": "Tamil Nadu Dr. Ambedkar Law University", "country": "India", "web_pages": ["http://www.tndalu.org/"]}, {"state-province": "Tamil Nadu", "alpha_two_code": "IN", "domains": ["tnmmu.ac.in"], "name": "Tamil Nadu Dr. M.G.R. Medical University", "country": "India", "web_pages": ["http://www.tnmmu.ac.in/"]}, {"state-province": null, "alpha_two_code": "IN", "domains": ["tnuniv.ac.in"], "name": "Avinashilingam Institute for Home Science and Higher Education for Women", "country": "India", "web_pages": ["http://www.tnuniv.ac.in/adu/"]}, {"state-province": "Madhya Pradesh", "alpha_two_code": "IN", "domains": ["manit.ac.in"], "name": "Maulana Azad National Institute of Technology Bhopal", "country": "India", "web_pages": ["http://www.manit.ac.in/"]}, {"state-province": "Rajasthan", "alpha_two_code": "IN", "domains": ["mnit.ac.in"], "name": "Malaviya National Institute of Technology Jaipur", "country": "India", "web_pages": ["http://www.mnit.ac.in/"]}, {"state-province": null, "alpha_two_code": "IN", "domains": ["tripurauniv.in"], "name": "Tripura University", "country": "India", "web_pages": ["http://www.tripurauniv.in/"]}, {"state-province": null, "alpha_two_code": "IN", "domains": ["tshmc.org"], "name": "Takhatmal Shrivallabh Homoeopathic Medical College", "country": "India", "web_pages": ["http://www.tshmc.org/"]}, {"state-province": null, "alpha_two_code": "IN", "domains": ["tumkuruniversity.ac.in"], "name": "Tumkur University", "country": "India", "web_pages": ["http://www.tumkuruniversity.ac.in/"]}, {"state-province": "Tamil Nadu", "alpha_two_code": "IN", "domains": ["tvuni.in"], "name": "Thiruvalluvar University", "country": "India", "web_pages": ["http://www.tvuni.in/"]}, {"state-province": "Karnataka", "alpha_two_code": "IN", "domains": ["uasbng.kar.nic.in"], "name": "University of Agricultural Sciences, Bangalore", "country": "India", "web_pages": ["http://uasbng.kar.nic.in/"]}, {"state-province": null, "alpha_two_code": "IN", "domains": ["uasd.net"], "name": "University of Agricultural Sciences, Dharwad", "country": "India", "web_pages": ["http://www.uasd.net/"]}, {"state-province": "Uttarakhand", "alpha_two_code": "IN", "domains": ["uktech.ac.in"], "name": "Uttarakhand Technical University", "country": "India", "web_pages": ["http://www.uktech.ac.in/"]}, {"state-province": null, "alpha_two_code": "IN", "domains": ["uma.ac.in"], "name": "University of Media Arts", "country": "India", "web_pages": ["http://www.uma.ac.in/"]}, {"state-province": "Kerala", "alpha_two_code": "IN", "domains": ["unical.ac.in"], "name": "University of Calicut", "country": "India", "web_pages": ["http://unical.ac.in/"]}, {"state-province": "Goa", "alpha_two_code": "IN", "domains": ["unigoa.ac.in"], "name": "Goa University", "country": "India", "web_pages": ["http://www.unigoa.ac.in/"]}, {"state-province": "Karnataka", "alpha_two_code": "IN", "domains": ["uni-mysore.ac.in"], "name": "University of Mysore", "country": "India", "web_pages": ["http://www.uni-mysore.ac.in/"]}, {"state-province": "Maharashtra", "alpha_two_code": "IN", "domains": ["unipune.ernet.in"], "name": "University of Pune", "country": "India", "web_pages": ["http://www.unipune.ernet.in/"]}, {"state-province": "Rajasthan", "alpha_two_code": "IN", "domains": ["uniraj.org"], "name": "University of Rajasthan", "country": "India", "web_pages": ["http://www.uniraj.org/"]}, {"state-province": null, "alpha_two_code": "IN", "domains": ["unishivaji.ac.in"], "name": "Shivaji University", "country": "India", "web_pages": ["http://www.unishivaji.ac.in/"]}, {"state-province": "Tamil Nadu", "alpha_two_code": "IN", "domains": ["unom.ac.in"], "name": "University of Madras", "country": "India", "web_pages": ["http://www.unom.ac.in/"]}, {"state-province": "Telangana", "alpha_two_code": "IN", "domains": ["uohyd.ernet.in"], "name": "University of Hyderabad", "country": "India", "web_pages": ["http://www.uohyd.ernet.in/"]}, {"state-province": null, "alpha_two_code": "IN", "domains": ["uok.ac.in"], "name": "University of Kota", "country": "India", "web_pages": ["http://www.uok.ac.in/"]}, {"state-province": null, "alpha_two_code": "IN", "domains": ["uor.org"], "name": "University of Roorkee", "country": "India", "web_pages": ["http://www.uor.org/"]}, {"state-province": "Uttarakhand", "alpha_two_code": "IN", "domains": ["uou.ac.in"], "name": "Uttarakhand Open University", "country": "India", "web_pages": ["http://www.uou.ac.in/"]}, {"state-province": "Uttar Pradesh", "alpha_two_code": "IN", "domains": ["uptu.ac.in"], "name": "Uttar Pradesh Technical University", "country": "India", "web_pages": ["http://www.uptu.ac.in/"]}, {"state-province": null, "alpha_two_code": "IN", "domains": ["utkaluniv.org"], "name": "Utkal University", "country": "India", "web_pages": ["http://www.utkaluniv.org/"]}, {"state-province": null, "alpha_two_code": "IN", "domains": ["vbspu.ac.in"], "name": "VBS Purvanchal University", "country": "India", "web_pages": ["http://vbspu.ac.in/"]}, {"state-province": null, "alpha_two_code": "IN", "domains": ["vbu.co.in"], "name": "Vinoba Bhave University", "country": "India", "web_pages": ["http://www.vbu.co.in/"]}, {"state-province": null, "alpha_two_code": "IN", "domains": ["vidyasagar.ac.in"], "name": "Vidyasagar University", "country": "India", "web_pages": ["http://www.vidyasagar.ac.in/"]}, {"state-province": null, "alpha_two_code": "IN", "domains": ["vignanuniversity.org"], "name": "Vignan University", "country": "India", "web_pages": ["http://www.vignanuniversity.org/"]}, {"state-province": null, "alpha_two_code": "IN", "domains": ["vikramuniversity.org"], "name": "Vikram University", "country": "India", "web_pages": ["http://www.vikramuniversity.org/"]}, {"state-province": null, "alpha_two_code": "IN", "domains": ["vinayakamissions.com"], "name": "Vinayaka Mission's Research Foundation-Deemed University", "country": "India", "web_pages": ["http://www.vinayakamissions.com/"]}, {"state-province": null, "alpha_two_code": "IN", "domains": ["visva-bharati.ac.in"], "name": "Visva-Bharati University", "country": "India", "web_pages": ["http://www.visva-bharati.ac.in/"]}, {"state-province": "Tamil Nadu", "alpha_two_code": "IN", "domains": ["vit.ac.in"], "name": "Vellore Institute of Technology", "country": "India", "web_pages": ["http://www.vit.ac.in/"]}, {"state-province": null, "alpha_two_code": "IN", "domains": ["vksu-ara.org"], "name": "Veer Kunwar Singh University", "country": "India", "web_pages": ["http://www.vksu-ara.org/"]}, {"state-province": null, "alpha_two_code": "IN", "domains": ["vmou.ac.in"], "name": "Vardhaman Mahaveer Open University", "country": "India", "web_pages": ["http://www.vmou.ac.in/"]}, {"state-province": "Maharashtra", "alpha_two_code": "IN", "domains": ["vnitnagpur.ac.in"], "name": "Visvesvaraya National Institute of Technology", "country": "India", "web_pages": ["http://www.vnitnagpur.ac.in/"]}, {"state-province": null, "alpha_two_code": "IN", "domains": ["vssut.ac.in"], "name": "Veer Surendra Sai University of Technology", "country": "India", "web_pages": ["http://www.vssut.ac.in/"]}, {"state-province": "Karnataka", "alpha_two_code": "IN", "domains": ["vtu.ac.in"], "name": "Visvesvaraya Technological University", "country": "India", "web_pages": ["http://www.vtu.ac.in/"]}, {"state-province": "West Bengal", "alpha_two_code": "IN", "domains": ["wbuafs.nic.in"], "name": "West Bengal University of Animal and Fishery Sciences", "country": "India", "web_pages": ["http://www.wbuafs.nic.in/"]}, {"state-province": "West Bengal", "alpha_two_code": "IN", "domains": ["wbut.net"], "name": "West Bengal University of Technology", "country": "India", "web_pages": ["http://www.wbut.net/"]}, {"state-province": null, "alpha_two_code": "IN", "domains": ["ycmou.com"], "name": "Yashawantrao Chavan Maharashtra Open University", "country": "India", "web_pages": ["http://www.ycmou.com/"]}, {"state-province": null, "alpha_two_code": "IN", "domains": ["ysparmaruniversity.org"], "name": "Dr. YS Parmar University of Horticulture and Forestry", "country": "India", "web_pages": ["http://www.ysparmaruniversity.org/"]}, {"state-province": null, "alpha_two_code": "IN", "domains": ["charusat.ac.in"], "name": "Charotar University of Science and Technology", "country": "India", "web_pages": ["https://www.charusat.ac.in/"]}, {"state-province": "Gujarat", "alpha_two_code": "IN", "domains": ["nuv.ac.in"], "name": "Navrachana University", "country": "India", "web_pages": ["https://www.nuv.ac.in/"]}, {"state-province": "Madhya Pradesh", "alpha_two_code": "IN", "domains": ["iiitm.ac.in"], "name": "Atal Bihari Vajpayee Indian Institute of Information Technology and Management, Gwalior", "country": "India", "web_pages": ["https://www.iiitm.ac.in/"]}, {"state-province": "Odisha", "alpha_two_code": "IN", "domains": ["iitbbs.ac.in"], "name": "IIT Bhubaneswar", "country": "India", "web_pages": ["https://www.iitbbs.ac.in/"]}, {"state-province": "Andhra Pradesh", "alpha_two_code": "IN", "domains": ["srmap.edu.in"], "name": "SRM University", "country": "India", "web_pages": ["https://srmap.edu.in/"]}, {"state-province": null, "country": "India", "alpha_two_code": "IN", "name": "KIET Group of Institutions", "domains": ["kiet.edu"], "web_pages": ["https://kiet.edu"]}, {"state-province": null, "country": "India", "alpha_two_code": "IN", "name": "Ramaiah University of Applied Sciences", "domains": ["msruas.ac.in"], "web_pages": ["https://msruas.ac.in"]}, {"state-province": "Uttarakhand", "alpha_two_code": "IN", "domains": ["uumail.in"], "name": "Uttaranchal University", "country": "India", "web_pages": ["https://uudoon.in"]}, {"state-province": "Kerala", "alpha_two_code": "IN", "domains": ["universitycollege.ac.in"], "name": "University College, Thiruvananthapuram", "country": "India", "web_pages": ["http://universitycollege.ac.in"]}, {"state-province": null, "alpha_two_code": "IN", "domains": ["gsfcuniversity.ac.in"], "name": "GSFC University", "country": "India", "web_pages": ["https://gsfcuni.edu.in"]}, {"state-province": null, "alpha_two_code": "IN", "domains": ["anurag.edu.in"], "name": "Anurag University", "country": "India", "web_pages": ["https://anurag.edu.in"]}, {"state-province": null, "alpha_two_code": "IN", "domains": ["bhc.edu.in"], "name": "Bishop Herber College", "country": "India", "web_pages": ["https://bhc.edu.in"]}, {"state-province": null, "alpha_two_code": "IN", "domains": ["bicpu.edu.in"], "name": "Pondicherry University", "country": "India", "web_pages": ["https://bicpu.edu.in"]}, {"state-province": "Tamil Nadu", "alpha_two_code": "IN", "domains": ["panimalar.ac.in", "panimalarengineeringcollegechennai.ac.in"], "name": "Panimalar Engineering College", "country": "India", "web_pages": ["https://panimalar.ac.in", "https://panimalarengineeringcollegechennai.ac.in/"]}, {"state-province": "Tamil Nadu", "alpha_two_code": "IN", "domains": ["rajalakshmi.org"], "name": "Rajalakshmi Engineering College", "country": "India", "web_pages": ["https://www.rajalakshmi.org/"]}, {"state-province": "Tamil Nadu", "alpha_two_code": "IN", "domains": ["stjosephs.ac.in"], "name": "St Joseph's College Of Engineering", "country": "India", "web_pages": ["https://stjosephs.ac.in/"]}, {"state-province": "Tamil Nadu", "alpha_two_code": "IN", "domains": ["stjosephstechnology.ac.in"], "name": "St Joseph's Institute Of Technology", "country": "India", "web_pages": ["https://www.stjosephstechnology.ac.in/"]}, {"state-province": "Tamil Nadu", "alpha_two_code": "IN", "domains": ["ssn.edu.in"], "name": "Sri Sivasubramaniya Nadar Institutions", "country": "India", "web_pages": ["https://www.ssn.edu.in/"]}, {"state-province": "Tamil Nadu", "alpha_two_code": "IN", "domains": ["saveetha.ac.in"], "name": "Saveetha Engineering College", "country": "India", "web_pages": ["https://www.saveetha.ac.in/"]}, {"state-province": "Tamil Nadu", "alpha_two_code": "IN", "domains": ["svce.ac.in"], "name": "Sri Venkateswara College of Engineering", "country": "India", "web_pages": ["https://www.svce.ac.in/"]}, {"state-province": "Tamil Nadu", "alpha_two_code": "IN", "domains": ["srmeaswari.ac.in"], "name": "Easwari Engineering College", "country": "India", "web_pages": ["https://srmeaswari.ac.in/"]}, {"state-province": "Tamil Nadu", "alpha_two_code": "IN", "domains": ["jeppiaarcollege.org"], "name": "Jeppiar Engineering College", "country": "India", "web_pages": ["https://jeppiaarcollege.org/jeppiaar/"]}, {"state-province": "Tamil Nadu", "alpha_two_code": "IN", "domains": ["ritchennai.org"], "name": "Rajalakshmi Institute of Technology", "country": "India", "web_pages": ["https://ritchennai.org/"]}, {"state-province": "Tamil Nadu", "alpha_two_code": "IN", "domains": ["saveethaengineering.com"], "name": "Saveetha School of Engineering", "country": "India", "web_pages": ["https://saveethaengineering.com/"]}, {"state-province": "Tamil Nadu", "alpha_two_code": "IN", "domains": ["saveetha.com"], "name": "Saveetha University", "country": "India", "web_pages": ["https://www.saveetha.com/"]}, {"state-province": "Tamil Nadu", "alpha_two_code": "IN", "domains": ["kcgcollege.ac.in"], "name": "KCG College of Technology", "country": "India", "web_pages": ["https://kcgcollege.ac.in/"]}, {"state-province": "Tamil Nadu", "alpha_two_code": "IN", "domains": ["hindustanuniv.ac.in"], "name": "Hindustan Institute of Technology and Science", "country": "India", "web_pages": ["https://hindustanuniv.ac.in/"]}, {"state-province": "Tamil Nadu", "alpha_two_code": "IN", "domains": ["citchennai.edu.in"], "name": "Chennai Institute of Technology", "country": "India", "web_pages": ["https://www.citchennai.edu.in/"]}, {"state-province": "Tamil Nadu", "alpha_two_code": "IN", "domains": ["sairam.edu.in"], "name": "Sri Sai Ram Engineering College", "country": "India", "web_pages": ["https://sairam.edu.in/"]}, {"state-province": "Tamil Nadu", "alpha_two_code": "IN", "domains": ["licet.ac.in"], "name": "Loyola-ICAM College of Engineering and Technology", "country": "India", "web_pages": ["https://licet.ac.in/"]}, {"state-province": "Tamil Nadu", "alpha_two_code": "IN", "domains": ["sairamit.edu.in"], "name": "Sri Sai Ram Institute of Technology", "country": "India", "web_pages": ["https://sairamit.edu.in/"]}, {"state-province": "Tamil Nadu", "alpha_two_code": "IN", "domains": ["rmkec.ac.in"], "name": "RMK Engineering College", "country": "India", "web_pages": ["http://www.rmkec.ac.in/"]}, {"state-province": "Tamil Nadu", "alpha_two_code": "IN", "domains": ["rmkcet.ac.in"], "name": "RMK College of Engineering and Technology", "country": "India", "web_pages": ["https://rmkcet.ac.in/"]}, {"state-province": "Tamil Nadu", "alpha_two_code": "IN", "domains": ["rmd.ac.in"], "name": "RMD Engineering College", "country": "India", "web_pages": ["https://rmd.ac.in/"]}, {"state-province": "Tamil Nadu", "alpha_two_code": "IN", "domains": ["velammal.edu.in"], "name": "Velammal Engineering College", "country": "India", "web_pages": ["https://velammal.edu.in/"]}, {"state-province": "Tamil Nadu", "alpha_two_code": "IN", "domains": ["velammalitech.edu.in"], "name": "Velammal Institute of Technology", "country": "India", "web_pages": ["https://velammalitech.edu.in/"]}, {"state-province": "Tamil Nadu", "alpha_two_code": "IN", "domains": ["prathyusha.edu.in"], "name": "Prathyusha Engineering College", "country": "India", "web_pages": ["https://prathyusha.edu.in/"]}, {"state-province": "Tamil Nadu", "alpha_two_code": "IN", "domains": ["alphagroup.edu"], "name": "Alpha College of Engineering", "country": "India", "web_pages": ["https://alphagroup.edu/engineering/"]}, {"state-province": "Tamil Nadu", "alpha_two_code": "IN", "domains": ["saec.ac.in"], "name": "SA Engineering College", "country": "India", "web_pages": ["https://www.saec.ac.in/"]}]